UniProt ID	Common Name	PANTHER Protein Class	GO Molecular Function	GO Biological Process	GO Cell Component
P92177	14-3-3 protein epsilon; 14-3-3epsilon		protein binding; protein domain specific binding; protein heterodimerization activity; phosphoserine residue binding	DNA damage checkpoint; regulation of mitotic nuclear division; mitotic cell cycle checkpoint; pole cell migration; germarium-derived oocyte fate determination; axon guidance; imaginal disc development; oocyte microtubule cytoskeleton polarization; determination of adult lifespan; response to radiation; response to UV; regulation of growth; positive regulation of growth; positive regulation of Ras protein signal transduction; wing disc dorsal/ventral pattern formation; positive regulation of ERK1 and ERK2 cascade	nucleus; nucleoplasm; chromosome; cytoplasm; centrosome; cytosol; plasma membrane; germline ring canal
Q9VFE4	40S ribosomal protein S5b; RpS5b	ribosomal protein	mRNA binding; structural constituent of ribosome; rRNA binding	ribosomal small subunit assembly; cytoplasmic translation; translation	ribosome; small ribosomal subunit; cytosolic small ribosomal subunit
Q9XZ56	4E-binding protein THOR; Thor	translation factor	eukaryotic initiation factor 4E binding	regulation of cell growth; triglyceride metabolic process; immune response; response to oxidative stress; myoblast fusion; somatic muscle development; determination of adult lifespan; response to bacterium; antibacterial humoral response; response to starvation; negative regulation of cell size; negative regulation of translational initiation; regulation of mitochondrial translation; regulation of terminal button organization	cytoplasm; cytosol
Q9W5R8	60S ribosomal protein L5; RpL5	ribosomal protein	RNA binding; structural constituent of ribosome; protein binding; 5S rRNA binding	ribosomal large subunit assembly; cytoplasmic translation; translation	ribosome; cytosolic large ribosomal subunit; cytosolic ribosome
A0A0B4K774	Abelson interacting protein, isoform D; Abi	G-protein modulator	protein binding; cadherin binding	cell morphogenesis; Golgi organization; cell adhesion; neuromuscular junction development; actin polymerization or depolymerization; regulation of cell shape; muscle attachment; central nervous system neuron axonogenesis; chaeta development; cell projection assembly; lamellipodium assembly; actin cytoskeleton organization; cortical actin cytoskeleton organization; regulation of actin cytoskeleton organization; cell adhesion mediated by integrin; establishment of planar polarity of follicular epithelium; positive regulation of protein kinase activity; oogenesis; axon extension involved in axon guidance; positive regulation of filopodium assembly; positive regulation of cytoskeleton organization; positive regulation of stress fiber assembly; centripetally migrating follicle cell migration; photoreceptor cell axon guidance	SCAR complex; lamellipodium membrane; protein-containing complex; basal part of cell; basal cortex; perinuclear region of cytoplasm; actin-based cell projection
A1Z7Q8	Alicorn, isoform A; alc	kinase modulator		maintenance of apical/basal cell polarity; neuron cellular homeostasis	
Q86BG1	Ankyrin-repeat, SH3-domain, and Proline-rich-region containing protein, isoform B; ASPP		p53 binding; protein tyrosine kinase activator activity	positive regulation of protein tyrosine kinase activity	nucleus; adherens junction
Q9VAS9	APC-like, isoform A; Apc		protein binding; beta-catenin binding; gamma-catenin binding	cell fate specification; negative regulation of microtubule depolymerization; segment polarity determination; pattern specification process; neuroblast proliferation; brain development; imaginal disc pattern formation; cell proliferation; cell migration; oocyte localization involved in germarium-derived egg chamber formation; establishment or maintenance of microtubule cytoskeleton polarity; chitin-based larval cuticle pattern formation; regulation of cell differentiation; positive regulation of protein catabolic process; negative regulation of compound eye retinal cell programmed cell death; negative regulation of canonical Wnt signaling pathway; regulation of axo-dendritic protein transport	cytoplasm; cytoplasmic microtubule; axon; beta-catenin destruction complex; apical part of cell
P18824	Armadillo segment polarity protein; arm		RNA polymerase II transcription coactivator activity; transcription coactivator activity; signal transducer activity; protein binding; transcription factor binding; kinase binding; protein phosphatase binding; nuclear hormone receptor binding; alpha-catenin binding; cadherin binding	negative regulation of transcription by RNA polymerase II; cell morphogenesis; cell fate determination; compound eye morphogenesis; cell adhesion; segment polarity determination; ventral furrow formation; dorsal closure; nervous system development; wing disc morphogenesis; heart development; long-term memory; imaginal disc-derived wing margin morphogenesis; neuroblast development; cuticle pattern formation; somatic stem cell population maintenance; branch fusion, open tracheal system; epithelial cell type specification, open tracheal system; chitin-based larval cuticle pattern formation; zonula adherens assembly; positive regulation of transcription, DNA-templated; positive regulation of transcription by RNA polymerase II; photoreceptor cell differentiation; compound eye retinal cell programmed cell death; oogenesis; imaginal disc-derived wing expansion; branching morphogenesis of an epithelial tube; canonical Wnt signaling pathway; delamination; heart formation; canonical Wnt signaling pathway involved in heart development; protein localization to adherens junction; protein localization to plasma membrane; negative regulation of canonical Wnt signaling pathway; cell elongation involved in imaginal disc-derived wing morphogenesis; cell-cell adhesion	nucleus; nucleoplasm; cytoplasm; cytosol; plasma membrane; adherens junction; cell-cell adherens junction; zonula adherens; apical plasma membrane; catenin complex; endocytic vesicle; axon; beta-catenin-TCF complex
Q7JUS1	AT09608p; CG30491; CG30495	dehydrogenase; reductase	oxidoreductase activity		
Q9VR43	AT09986p; CG15625				
Q9VFE0	AT11516p; RpL10Aa	ribosomal protein	RNA binding; structural constituent of ribosome	maturation of LSU-rRNA; cytoplasmic translation; translation	large ribosomal subunit; cytosolic large ribosomal subunit
Q9V397	BcDNA.GH12558; Mtpalpha	dehydrogenase; epimerase/racemase; hydratase	enoyl-CoA hydratase activity; long-chain-3-hydroxyacyl-CoA dehydrogenase activity	fatty acid beta-oxidation; determination of adult lifespan; wound healing; response to starvation	mitochondrion; peroxisome; mitochondrial fatty acid beta-oxidation multienzyme complex
Q7KMH9	BcDNA.LD26050; wde			positive regulation of methylation-dependent chromatin silencing	chromosome
Q24040	Big brother; Bgb		DNA binding; transcription cofactor activity; transcription coactivator activity; transcription factor binding; protein heterodimerization activity	regulation of transcription by RNA polymerase II; regulation of hemocyte proliferation	nucleus
Q24039	Brother; Bro		DNA binding; transcription cofactor activity; transcription coactivator activity; transcription factor binding; protein heterodimerization activity	regulation of transcription by RNA polymerase II; regulation of hemocyte proliferation; compound eye development	nucleus
P62152	Calmodulin; Cam	calmodulin	calcium ion binding; protein binding; myosin V binding; myosin heavy chain binding; myosin VI head/neck binding	protein phosphorylation; centriole replication; sensory perception of sound; sensory perception of smell; rhodopsin mediated signaling pathway; deactivation of rhodopsin mediated signaling; metarhodopsin inactivation; regulation of light-activated channel activity; adaptation of rhodopsin mediated signaling; actin filament-based movement; salivary gland cell autophagic cell death; rhabdomere development; muscle cell cellular homeostasis; kinetochore organization; photoreceptor cell axon guidance; positive regulation of cation channel activity	nucleoplasm; cytoplasm; centrosome; centriole; spindle; cytosol; plasma membrane; rhabdomere; midbody; myosin V complex; myosin VI complex; mitotic spindle; mitotic spindle pole
Q9W0R0	Cell division cycle 5, isoform A; Cdc5		RNA polymerase II transcription factor activity, sequence-specific DNA binding; transcription factor activity, RNA polymerase II transcription factor recruiting; RNA binding; sequence-specific DNA binding; transcription regulatory region DNA binding	mRNA splicing, via spliceosome; regulation of transcription by RNA polymerase II; cell differentiation	Prp19 complex; nucleus; spliceosomal complex; precatalytic spliceosome; catalytic step 2 spliceosome
Q7K4K7	Centrosomin's beautiful sister, isoform A; cbs		Rab GTPase binding; ADP-ribosylation factor binding; protein homodimerization activity	centrosome cycle; Golgi vesicle transport	Golgi trans cisterna; chromatin; cytoplasm; Golgi apparatus; spindle; perinuclear region of cytoplasm
Q9VFL0	CG3259; CG3259-RA		molecular_function; microtubule binding	intraciliary transport; cilium assembly	centrosome; cilium; intraciliary transport particle; intraciliary transport particle B
Q9VJQ0	CG4168, isoform B; CG4168				
Q9VPD6	CG5059, isoform A; DmelCG5059			positive regulation of apoptotic process; regulation of programmed cell death; mitochondrial outer membrane permeabilization	nucleus; mitochondrial outer membrane; integral component of membrane
M9PF61	CG6084, isoform C; 34F4T	reductase	alditol:NADP+ 1-oxidoreductase activity; alcohol dehydrogenase  activity; oxidoreductase activity	oxidation-reduction process	nucleoplasm; cytosol
Q7JXC4	CG6459 protein; P32		mRNA binding; translation activator activity; histone binding; mitochondrial ribosome binding	nucleosome assembly; chromatin remodeling; neuromuscular synaptic transmission; sperm chromatin decondensation; fertilization, exchange of chromosomal proteins; regulation of calcium-mediated signaling; positive regulation of mitochondrial translation	nucleus; mitochondrion; mitochondrial matrix
Q9VHB8	CG8199; CG8199		alpha-ketoacid dehydrogenase activity; 3-methyl-2-oxobutanoate dehydrogenase  activity	branched-chain amino acid catabolic process; fatty-acyl-CoA biosynthetic process	mitochondrial alpha-ketoglutarate dehydrogenase complex; 3-methyl-2-oxobutanoate dehydrogenase  complex
Q9VP62	CG9389; 142336_at	phosphatase	inositol monophosphate 1-phosphatase activity	inositol metabolic process; signal transduction; dephosphorylation; phosphatidylinositol phosphorylation; inositol phosphate dephosphorylation	cytoplasm
O97159	Chromodomain-helicase-DNA-binding protein Mi-2 homolog; Mi-2		DNA binding; chromatin binding; helicase activity; protein binding; ATP binding; zinc ion binding; ATPase activity; nucleosome binding; nucleosome-dependent ATPase activity	negative regulation of transcription by RNA polymerase II; regulation of transcription by RNA polymerase II; spermatogenesis; chromosome condensation; nucleosome mobilization; ATP-dependent chromatin remodeling; negative regulation of transcription, DNA-templated; chromosome organization; chromosome decondensation; negative regulation of cohesin loading	nucleus; polytene chromosome; cytosol; NuRD complex; transcriptionally active chromatin
Q9VPR7	Coiled, isoform A; cold			septate junction assembly; regulation of tube size, open tracheal system; maintenance of permeability of blood-brain barrier; wound healing; establishment of blood-brain barrier	cytoplasm
Q9VEU2	Derlin; Der-2	receptor	molecular_function	ubiquitin-dependent ERAD pathway; endoplasmic reticulum unfolded protein response; defense response to bacterium	integral component of endoplasmic reticulum membrane
Q24114	Division abnormally delayed protein; dally		protein binding	smoothened signaling pathway; segment polarity determination; axonogenesis; wing disc morphogenesis; imaginal disc-derived leg morphogenesis; motor neuron axon guidance; sensory organ boundary specification; decapentaplegic signaling pathway; chaeta morphogenesis; imaginal disc-derived wing vein morphogenesis; chaeta development; regulation of BMP signaling pathway; positive regulation of BMP signaling pathway; germ-line stem cell population maintenance; wing disc development; regulation of multicellular organism growth; regulation of imaginal disc growth; adult chitin-containing cuticle pigmentation; female germ-line stem cell asymmetric division; wing disc dorsal/ventral pattern formation; compound eye development; dendrite morphogenesis; regulation of cell cycle; positive regulation of canonical Wnt signaling pathway; negative regulation of semaphorin-plexin signaling pathway	proteinaceous extracellular matrix; plasma membrane; cell surface; anchored component of plasma membrane; perivitelline space
P13496	Dynactin subunit 1; Gl	non-motor microtubule binding protein	microtubule binding; dynein intermediate chain binding; dynein complex binding	mitotic cell cycle; cell fate determination; compound eye photoreceptor cell differentiation; eye photoreceptor cell differentiation; intracellular protein transport; microtubule-based movement; cellularization; retrograde axonal transport; second mitotic wave involved in compound eye morphogenesis; axonal transport of mitochondrion; protein localization to kinetochore; melanotic encapsulation of foreign target; compound eye photoreceptor development; rhabdomere development; establishment of epithelial cell apical/basal polarity; synaptic vesicle transport; retrograde synaptic vesicle transport; axon extension; mRNA transport; spindle assembly; mitotic spindle midzone assembly; centrosome separation; kinetochore organization; centrosome localization; evoked neurotransmitter secretion; retrograde neuronal dense core vesicle transport	kinetochore; cytoplasm; centrosome; aster; kinetochore microtubule; dynactin complex; spindle microtubule; midbody; spindle pole centrosome; type Ib terminal bouton; axon cytoplasm
M9ND00	Dynamin associated protein 160, isoform D; Dap160	G-protein modulator; calcium-binding protein; membrane traffic protein	nucleic acid binding; calcium ion binding; protein binding	positive regulation of neuroblast proliferation; protein localization; negative regulation of Notch signaling pathway; positive regulation of protein kinase activity; synaptic vesicle endocytosis; synaptic growth at neuromuscular junction	cytoplasm; synaptic vesicle; presynaptic membrane; apical cortex
A1Z6P3	Eb1, isoform F; Eb1	non-motor microtubule binding protein	protein binding; microtubule binding; myosin binding; microtubule plus-end binding	mitotic spindle elongation; microtubule cytoskeleton organization; microtubule-based process; mitotic spindle organization; chromosome segregation; sensory organ development; sensory perception of sound; locomotory behavior; flight behavior; pseudocleavage involved in syncytial blastoderm formation; establishment or maintenance of microtubule cytoskeleton polarity; melanotic encapsulation of foreign target; establishment of mitotic spindle localization; wound healing; spindle assembly; regulation of microtubule cytoskeleton organization	cytoplasm; microtubule; microtubule associated complex; spindle microtubule; cytoplasmic microtubule; microtubule plus-end; axonal growth cone
Q8WS79	Estrogen-related receptor splice variant; ERR	C4 zinc finger nuclear receptor; nucleic acid binding; receptor	DNA binding transcription factor activity; steroid hormone receptor activity; nuclear receptor activity; steroid binding; zinc ion binding; sequence-specific DNA binding	carbohydrate metabolic process; regulation of transcription by RNA polymerase II; spermatogenesis; steroid hormone mediated signaling pathway	nucleus
P41375	Eukaryotic translation initiation factor 2 subunit 2; eIF-2beta	translation initiation factor	translation initiation factor activity	formation of translation preinitiation complex; translational initiation; axon midline choice point recognition; response to endoplasmic reticulum stress	cytosol; eukaryotic translation initiation factor 2 complex; eukaryotic 43S preinitiation complex; multi-eIF complex
Q9VVG4	Exocyst complex component 1; Sec3	transfer/carrier protein	phosphatidylinositol-4,5-bisphosphate binding; GTP-Rho binding	exocytosis; Golgi to plasma membrane transport; exocyst localization	exocyst; plasma membrane
P34082	Fasciclin-2; Fas2	transmembrane receptor regulatory/adaptor protein	protein binding	Bolwig's organ morphogenesis; homophilic cell adhesion via plasma membrane adhesion molecules; axonal fasciculation; neuromuscular junction development; learning or memory; learning; short-term memory; neuron recognition; motor neuron axon guidance; olfactory learning; regulation of cell shape; regulation of synaptic growth at neuromuscular junction; mushroom body development; regulation of tube architecture, open tracheal system; regulation of tube diameter, open tracheal system; regulation of tube length, open tracheal system; negative regulation of epidermal growth factor receptor signaling pathway; behavioral response to ethanol; regulation of synaptic plasticity; cell morphogenesis involved in neuron differentiation; imaginal disc-derived male genitalia morphogenesis; regulation of synapse structure or activity; synapse organization; photoreceptor cell axon guidance; terminal button organization; negative regulation of neuron remodeling	cytoplasm; cytosol; plasma membrane; integral component of membrane; axon; neuromuscular junction; presynaptic periactive zone; presynaptic membrane; cell projection; neuron projection; postsynaptic membrane; presynaptic active zone; type I terminal bouton; muscle cell postsynaptic specialization
Q9VBD5	FI07246p; TwdlN		structural constituent of chitin-based cuticle	body morphogenesis; chitin-based cuticle development	proteinaceous extracellular matrix
A1ZBK1	FI23922p1; CG10051-RA	metalloprotease			
Q7K0S5	GDI interacting protein 3, isoform B; Gint3			positive regulation of canonical Wnt signaling pathway	apical cortex
Q9W3N6	General vesicular transport factor p115; p115	membrane traffic protein	protein transporter activity	intracellular protein transport; ER to Golgi vesicle-mediated transport; Golgi organization; regulation of G2/M transition of mitotic cell cycle; regulation of imaginal disc-derived wing size; transcytosis; Golgi vesicle docking; vesicle fusion with Golgi apparatus; membrane fusion	Golgi membrane; endoplasmic reticulum; Golgi stack; ER to Golgi transport vesicle membrane
Q9VZJ3	GH01794p; Rcd5		G-quadruplex RNA binding; protein binding; histone acetyltransferase activity ; histone acetyltransferase activity ; histone acetyltransferase activity 	centriole replication; positive regulation of transcription by RNA polymerase II	nucleus; polytene chromosome interband; Ino80 complex; NSL complex; MLL1 complex
Q95U54	GH06271p; Mms19	nucleic acid binding; transcription cofactor			
Q9V3Z4	GH11341p; Rpn5	enzyme modulator	molecular_function	proteasome-mediated ubiquitin-dependent protein catabolic process	proteasome complex; nucleoplasm; cytoplasm; cytosol; proteasome regulatory particle; proteasome regulatory particle, lid subcomplex; nuclear proteasome complex
Q9W1H8	GH13256p; Thiolase	acetyltransferase	3-hydroxyacyl-CoA dehydrogenase activity; acetyl-CoA C-acyltransferase activity; enoyl-CoA hydratase activity; long-chain-3-hydroxyacyl-CoA dehydrogenase activity	fatty acid beta-oxidation; determination of adult lifespan	mitochondrion; mitochondrial fatty acid beta-oxidation multienzyme complex
Q9W1R3	Golgin-245 ortholog; Golgin245	membrane trafficking regulatory protein; transfer/carrier protein	Rab GTPase binding; ADP-ribosylation factor binding; protein homodimerization activity	Golgi vesicle transport	Golgi trans cisterna; Golgi apparatus
Q960X8	Hepatocyte growth factor-regulated tyrosine kinase substrate; Hrs		ubiquitin binding; metal ion binding	negative regulation of protein phosphorylation; exocytosis; endocytosis; neurotransmitter secretion; border follicle cell migration; torso signaling pathway; regulation of Notch signaling pathway; vesicle organization; synaptic vesicle exocytosis; synaptic vesicle priming; endosomal transport; neuron remodeling; positive regulation of protein ubiquitination; endocytic recycling; endosome transport via multivesicular body sorting pathway; membrane protein proteolysis; regulation of epidermal growth factor receptor signaling pathway; negative regulation of epidermal growth factor receptor signaling pathway; early endosome to late endosome transport; positive regulation of fibroblast growth factor receptor signaling pathway; positive regulation of Toll signaling pathway; positive regulation of JAK-STAT cascade; regulation of cell cycle; positive regulation of Wnt protein secretion; exosomal secretion; regulation of epithelial cell migration, open tracheal system	endosome; synaptic vesicle; ESCRT-0 complex
Q960X4	Histone acetyltransferase Tip60; Tip60	acetyltransferase; chromatin/chromatin-binding protein; zinc finger transcription factor	histone acetyltransferase activity	regulation of transcription, DNA-templated; nervous system development; regulation of gene expression; histone acetylation; histone exchange; negative regulation of neuron apoptotic process; histone H4 acetylation; regulation of synaptic plasticity; regulation of terminal button organization	histone acetyltransferase complex; nucleus; polytene chromosome interband; NuA4 histone acetyltransferase complex
Q9VEX9	Histone deacetylase complex subunit SAP18; Bin1	chromatin/chromatin-binding protein	transcription corepressor activity; protein binding; transcription factor binding	mRNA splicing, via spliceosome; chromatin silencing; negative regulation of transcription, DNA-templated	Sin3 complex; precatalytic spliceosome; catalytic step 2 spliceosome
Q5LJZ2	Histone-lysine N-methyltransferase SETD1; Set1		nucleic acid binding; histone methyltransferase activity 	histone H3-K4 dimethylation; positive regulation of JAK-STAT cascade; histone H3-K4 methylation; histone H3-K4 trimethylation	euchromatin; polytene chromosome; transcriptionally active chromatin; Set1C/COMPASS complex
Q9VEF5	Inhibitor of growth protein; CG7379	chromatin/chromatin-binding protein; transcription cofactor; zinc finger transcription factor			Sin3-type complex
Q9VP84	IP06402p; DmelCG10581	kinase	nucleotide phosphatase activity, acting on free nucleotides		
Q9VQ11	IP19042p; CG31928	aspartic protease	aspartic-type endopeptidase activity	proteolysis	chorion
A8JNJ6	Karst, isoform E; kst		actin binding; protein binding; phospholipid binding; microtubule binding; cytoskeletal protein binding	endocytosis; plasma membrane organization; regulation of multivesicular body size involved in endosome transport; ovarian follicle cell development; endosome transport via multivesicular body sorting pathway; wound healing; zonula adherens assembly	plasma membrane; adherens junction; spectrin; apical plasma membrane; apicolateral plasma membrane; actin filament bundle
A0A0B4KFL3	Katanin p60 ATPase-containing subunit A1; Kat60	non-motor microtubule binding protein	ATP binding; microtubule binding; microtubule-severing ATPase activity; ATPase activity; myosin binding	mitotic sister chromatid segregation; microtubule-based process; microtubule depolymerization; regulation of synaptic growth at neuromuscular junction; dendrite development; negative regulation of cell migration; cytoplasmic microtubule organization; microtubule severing	nucleus; chromosome; centrosome; cytoplasmic microtubule; cell cortex; katanin complex; cell leading edge
Q0KHS0	Katanin p80 WD40 repeat-containing subunit B1; kat80		microtubule binding; microtubule-severing ATPase activity	microtubule-based process; microtubule depolymerization; dorsal appendage formation; microtubule severing	cytosol; katanin complex
P18431	Kinase shaggy; sgg	non-receptor serine/threonine protein kinase	protein serine/threonine kinase activity; protein binding; ATP binding	epithelial cell morphogenesis; protein phosphorylation; spindle organization; female meiotic nuclear division; segment polarity determination; heart development; rhythmic behavior; circadian rhythm; olfactory learning; chaeta morphogenesis; imaginal disc-derived wing margin morphogenesis; entrainment of circadian clock; chaeta development; regulation of proteolysis; pseudocleavage involved in syncytial blastoderm formation; ovarian follicle cell development; positive regulation of proteasomal ubiquitin-dependent protein catabolic process; somatic stem cell population maintenance; chitin-based larval cuticle pattern formation; wing and notum subfield formation; regulation of protein import into nucleus; regulation of circadian rhythm; negative regulation of JUN kinase activity; locomotor rhythm; regulation of hemocyte differentiation; positive regulation of protein catabolic process; positive regulation of mitotic metaphase/anaphase transition; negative regulation of smoothened signaling pathway; negative regulation of synaptic growth at neuromuscular junction; habituation; oogenesis; synaptic growth at neuromuscular junction; regulation of microtubule cytoskeleton organization; regulation of calcineurin-NFAT signaling cascade; response to anesthetic; negative regulation of canonical Wnt signaling pathway; establishment of epithelial cell planar polarity; negative regulation of ubiquitin-dependent protein catabolic process	nucleus; nucleoplasm; cytoplasm; centrosome; cytosol; plasma membrane; axon; neuromuscular junction; female germline ring canal; fusome; mitotic spindle
Q86PC9	King tubby; ktub		phosphatidylinositol binding	endocytosis; sensory perception of sound; response to sucrose; deactivation of rhodopsin mediated signaling; glucose homeostasis; protein localization to cilium; triglyceride homeostasis	nucleus; cytoplasm; cilium; rhabdomere; neuronal cell body
Q9VNE2	Krasavietz; kra	nuclease; translation initiation factor	protein binding; translation initiation factor binding; ribosome binding; ribosomal small subunit binding	long-term memory; axon midline choice point recognition; negative regulation of translation; ovarian follicle cell development; behavioral response to ethanol; oogenesis; positive regulation of filopodium assembly	cytoplasm; membrane; filopodium; axon; neuronal cell body; axonal growth cone
Q9V780	Lap1; Lap1			establishment or maintenance of cell polarity; protein transport	adherens junction
Q9VSW1	LD13601p; UGP		UTP:glucose-1-phosphate uridylyltransferase activity	glycogen metabolic process; UDP-glucose metabolic process; response to hyperoxia	cytoplasm; cytosol
Q9VMZ5	LD19715p; TwdlF		structural constituent of chitin-based larval cuticle	chitin-based cuticle development	proteinaceous extracellular matrix
Q9VLS7	LD21067p; PAPLA1	membrane traffic protein; phospholipase	phospholipase activity; metal ion binding	ER to Golgi vesicle-mediated transport; spermatogenesis; rhodopsin biosynthetic process	nucleoplasm; cytoplasm; COPII-coated ER to Golgi transport vesicle
Q9VHC0	LD23870p; RnpS1	mRNA splicing factor	nucleic acid binding; mRNA binding	negative regulation of transposition, DNA-mediated; regulation of alternative mRNA splicing, via spliceosome; mRNA splicing, via spliceosome; RNA splicing	nucleoplasm; cytoplasm; ASAP complex
Q9W0L7	LD28815p; Usp10		thiol-dependent ubiquitin-specific protease activity	ubiquitin-dependent protein catabolic process; protein deubiquitination; positive regulation of Notch signaling pathway	cytosol
Q7KTX8	Mediator of RNA polymerase II transcription subunit 13; skd		RNA polymerase II transcription cofactor activity; protein binding	regulation of transcription by RNA polymerase II; transcription initiation from RNA polymerase II promoter; larval somatic muscle development; chaeta development; imaginal disc-derived leg segmentation; cell fate commitment; sex comb development; wing disc dorsal/ventral pattern formation; compound eye development; positive regulation of canonical Wnt signaling pathway	nucleus; nucleoplasm; mediator complex; core mediator complex
Q9W002	Misshapen, isoform A; msn		protein serine/threonine kinase activity; signal transducer, downstream of receptor, with serine/threonine kinase activity; ATP binding; MAP kinase kinase kinase kinase activity; JUN kinase kinase kinase kinase activity	MAPK cascade; activation of MAPKKK activity; establishment of planar polarity; optic lobe placode development; protein phosphorylation; nuclear migration; JNK cascade; regulation of mitotic cell cycle; dorsal closure; axon guidance; regulation of cell shape; photoreceptor cell morphogenesis; response to wounding; regulation of embryonic cell shape; signal transduction by protein phosphorylation; stress-activated protein kinase signaling cascade; activation of protein kinase activity; regulation of apoptotic process; imaginal disc fusion, thorax closure; negative regulation of Ras protein signal transduction; oogenesis; neuron projection morphogenesis	cytoplasm; cell cortex; contractile ring
Q95RA8	MOB kinase activator-like 1; mats	kinase activator	protein binding; protein kinase binding	apoptotic process; chromosome segregation; signal transduction; multicellular organism development; cell proliferation; ovarian follicle cell development	nucleus; centrosome; cytosol; plasma membrane
P42003	Mothers against dpp; Mad	transcription factor	RNA polymerase II distal enhancer sequence-specific DNA binding; RNA polymerase II activating transcription factor binding; RNA polymerase II transcription coactivator activity; DNA binding; transcription factor activity, RNA polymerase II distal enhancer sequence-specific binding; protein binding; transforming growth factor beta receptor, pathway-specific cytoplasmic mediator activity; sequence-specific DNA binding	compound eye morphogenesis; regulation of transcription by RNA polymerase II; transforming growth factor beta receptor signaling pathway; dorsal closure; ventral cord development; open tracheal system development; imaginal disc-derived wing morphogenesis; imaginal disc-derived leg morphogenesis; histoblast morphogenesis; heart development; imaginal disc-derived wing vein morphogenesis; negative regulation of gene expression; ovarian follicle cell development; germ-line stem cell population maintenance; somatic stem cell population maintenance; trunk segmentation; germ-line stem cell division; regulation of cell differentiation; negative regulation of salivary gland boundary specification; positive regulation of synaptic growth at neuromuscular junction; positive regulation of transcription by RNA polymerase II; wing disc anterior/posterior pattern formation; regulation of synapse structure or activity; transforming growth factor beta receptor signaling pathway involved in endodermal cell fate specification; BMP signaling pathway involved in Malpighian tubule cell chemotaxis; negative regulation of G1/S transition of mitotic cell cycle	nucleus; transcription factor complex; cytoplasm
Q9VAQ1	NAD-dependent protein deacetylase Sirt7; Sirt7		NAD+ binding		nucleus
Q24568	Netrin-B; NetB	extracellular matrix linker protein; protease inhibitor; receptor		axon guidance; salivary gland boundary specification; synaptic target recognition; motor neuron axon guidance; glial cell migration; synaptic target attraction; compound eye development; dendrite guidance; regulation of photoreceptor cell axon guidance	proteinaceous extracellular matrix; axonal growth cone
A0A0B4KGL0	Neurexin 1, isoform F; Nrx-1		protein binding; protein kinase binding; apolipoprotein binding; neurexin family protein binding; neuroligin family protein binding	chemical synaptic transmission; neuromuscular synaptic transmission; synapse assembly; associative learning; locomotion; regulation of locomotion; synaptic vesicle endocytosis; synapse organization; synaptic growth at neuromuscular junction; vitamin A transport; terminal button organization; presynaptic membrane assembly; neuroligin clustering involved in postsynaptic membrane assembly; regulation of neuromuscular synaptic transmission; positive regulation of synaptic vesicle endocytosis; regulation of terminal button organization	neuromuscular junction; type I terminal bouton; trans-synaptic protein complex; integral component of presynaptic membrane
Q94887	Neurexin-4; Nrx-IV			heart process; establishment or maintenance of cell polarity; dorsal closure; synaptic target recognition; protein localization; axon ensheathment; synaptic vesicle targeting; synaptic vesicle docking; septate junction assembly; nerve maturation; regulation of tube size, open tracheal system; cell-cell junction organization; establishment of glial blood-brain barrier; cell adhesion involved in heart morphogenesis; terminal button organization; presynaptic membrane assembly	plasma membrane; integral component of plasma membrane; septate junction; pleated septate junction; synapse; presynaptic active zone
P07207	Neurogenic locus Notch protein; N		chromatin binding; transmembrane signaling receptor activity; calcium ion binding; protein binding	negative regulation of transcription by RNA polymerase II; cell fate specification; compound eye morphogenesis; positive regulation of neuroblast proliferation; defense response to insect; regulation of glycolytic process; actin filament organization; cell adhesion; heterophilic cell-cell adhesion via plasma membrane cell adhesion molecules; germarium-derived egg chamber formation; ovarian follicle cell migration; border follicle cell migration; oocyte anterior/posterior axis specification; regulation of mitotic cell cycle; dorsal closure; ectoderm development; neuroblast fate determination; glial cell fate determination; neuroblast proliferation; axon guidance; ventral cord development; peripheral nervous system development; sensory organ development; open tracheal system development; foregut morphogenesis; imaginal disc growth; imaginal disc pattern formation; dorsal/ventral pattern formation, imaginal disc; dorsal/ventral lineage restriction, imaginal disc; eye-antennal disc morphogenesis; R8 cell fate commitment; R3/R4 cell fate commitment; wing disc proximal/distal pattern formation; imaginal disc-derived wing vein specification; imaginal disc-derived wing morphogenesis; leg disc morphogenesis; mesoderm development; skeletal muscle tissue development; muscle cell fate determination; long-term memory; motor neuron axon guidance; positive regulation of cell proliferation; determination of adult lifespan; glial cell migration; asymmetric cell division; chaeta morphogenesis; imaginal disc-derived wing margin morphogenesis; response to symbiont; dorsal/ventral axis specification; anterior/posterior pattern specification; glial cell differentiation; positive regulation of gene expression; negative regulation of gene expression; neuroblast development; second mitotic wave involved in compound eye morphogenesis; morphogenesis of follicular epithelium; imaginal disc-derived leg joint morphogenesis; sensory organ precursor cell fate determination; chaeta development; ovarian follicle cell development; germarium-derived female germ-line cyst encapsulation; ovarian follicle cell stalk formation; germ-line stem cell population maintenance; oocyte localization involved in germarium-derived egg chamber formation; epithelial cell type specification, open tracheal system; negative regulation of terminal cell fate specification, open tracheal system; negative regulation of fusion cell fate specification; embryonic hemopoiesis; embryonic crystal cell differentiation; larval lymph gland hemopoiesis; lymph gland crystal cell differentiation; lamellocyte differentiation; hemocyte proliferation; negative regulation of lamellocyte differentiation; eye-antennal disc development; wing disc pattern formation; imaginal disc-derived leg segmentation; female germ-line stem cell population maintenance; intestinal stem cell homeostasis; regulation of growth; establishment of ommatidial planar polarity; compound eye cone cell fate commitment; regulation of cardioblast cell fate specification; crystal cell differentiation; regulation of crystal cell differentiation; positive regulation of crystal cell differentiation; positive regulation of neuron apoptotic process; cell dedifferentiation; negative regulation of compound eye photoreceptor development; R8 cell development; R8 cell differentiation; R7 cell differentiation; regulation of R8 cell spacing in compound eye; regulation of cell differentiation; positive regulation of Notch signaling pathway; positive regulation of transcription, DNA-templated; positive regulation of transcription by RNA polymerase II; negative regulation of JNK cascade; lateral inhibition; retinal cell programmed cell death; compound eye retinal cell programmed cell death; dorsal appendage formation; R1/R6 cell differentiation; wing disc dorsal/ventral pattern formation; oogenesis; lymph gland development; compound eye development; imaginal disc-derived male genitalia morphogenesis; stem cell differentiation; regulation of neurogenesis; negative regulation of neurogenesis; nervous system process; regulation of filopodium assembly; germ-line stem-cell niche homeostasis; formation of a compartment boundary; compartment boundary maintenance; morphogenesis of an epithelial fold; epithelial cell proliferation involved in Malpighian tubule morphogenesis; Malpighian tubule tip cell differentiation; neuronal stem cell population maintenance; positive regulation of G1/S transition of mitotic cell cycle; regulation of neuroblast proliferation; negative regulation of cell-cell adhesion mediated by cadherin	intracellular; nucleus; nucleoplasm; cytoplasm; lysosome; endosome; late endosome; endoplasmic reticulum lumen; Golgi lumen; cytosol; plasma membrane; adherens junction; cell surface; integral component of membrane; endocytic vesicle; cytoplasmic vesicle; protein-containing complex; subapical complex
P20241	Neuroglian; Nrg		calcium ion binding	neuron cell-cell adhesion; epidermal growth factor receptor signaling pathway; axonogenesis; imaginal disc morphogenesis; motor neuron axon guidance; male courtship behavior; female courtship behavior; axon ensheathment; mushroom body development; septate junction assembly; nerve maturation; melanotic encapsulation of foreign target; regulation of tube size, open tracheal system; regulation of female receptivity; central complex development; axon extension; dendrite morphogenesis; synapse organization; establishment of glial blood-brain barrier; cell adhesion involved in heart morphogenesis; photoreceptor cell axon guidance	plasma membrane; septate junction; pleated septate junction; lateral plasma membrane; filopodium; cytoneme
Q94527	Nuclear factor NF-kappa-B p110 subunit; Rel		RNA polymerase II transcription factor activity, sequence-specific DNA binding; transcriptional activator activity, RNA polymerase II proximal promoter sequence-specific DNA binding; DNA binding; DNA binding transcription factor activity; protein binding; sequence-specific DNA binding	positive regulation of defense response to virus by host; immune response; positive regulation of antibacterial peptide biosynthetic process; positive regulation of biosynthetic process of antibacterial peptides active against Gram-negative bacteria; positive regulation of antifungal peptide biosynthetic process; cellular response to DNA damage stimulus; signal transduction; Toll signaling pathway; response to bacterium; positive regulation of gene expression; cellular response to amino acid starvation; innate immune response; regulation of innate immune response; positive regulation of innate immune response; positive regulation of nitric oxide biosynthetic process; positive regulation of transcription by RNA polymerase II; dendrite morphogenesis; peripheral nervous system neuron development; defense response to Gram-negative bacterium; defense response to virus; peptidoglycan recognition protein signaling pathway; negative regulation of stem cell proliferation	nucleus; nucleoplasm; nuclear euchromatin; cytoplasm; cytosol
Q9W3V9	Nuclear factor Y-box C; Nf-YC	DNA-directed DNA polymerase; chromatin/chromatin-binding protein; transcription factor	DNA binding transcription factor activity; sequence-specific DNA binding; protein heterodimerization activity	regulation of transcription, DNA-templated; axon guidance	CCAAT-binding factor complex
B7Z0W0	p21-activated kinase, isoform F; Pak		protein serine/threonine kinase activity; signal transducer, downstream of receptor, with serine/threonine kinase activity; ATP binding; Rho GTPase binding; SH3 domain binding; Rac GTPase binding	protein phosphorylation; cell adhesion; JNK cascade; Rho protein signal transduction; regulation of mitotic cell cycle; dorsal closure; dorsal closure, spreading of leading edge cells; axon guidance; imaginal disc-derived leg morphogenesis; cell migration; Rac protein signal transduction; septate junction assembly; signal transduction by protein phosphorylation; actin cytoskeleton organization; stress-activated protein kinase signaling cascade; activation of protein kinase activity; ecdysone-mediated induction of salivary gland cell autophagic cell death; regulation of apoptotic process; regulation of programmed cell death; regulation of MAPK cascade; positive regulation of synaptic growth at neuromuscular junction; regulation of axonogenesis; regulation of synapse structure or activity	cytoplasm; cytoskeleton; actin filament; focal adhesion; lateral plasma membrane; cell leading edge; muscle cell postsynaptic specialization
A1ZAU8	Patronin; Patronin		calmodulin binding; microtubule binding; spectrin binding; microtubule minus-end binding	microtubule cytoskeleton organization; negative regulation of microtubule depolymerization; cytoplasmic microtubule organization; neuron projection development; asymmetric protein localization involved in cell fate determination; establishment of mitotic spindle asymmetry	centrosome; spindle; midbody; microtubule minus-end
Q8T6B9	Poly-binding-splicing factor half pint; pUf68		mRNA binding; protein binding; poly RNA binding	alternative mRNA splicing, via spliceosome; regulation of alternative mRNA splicing, via spliceosome; mRNA splicing, via spliceosome; regulation of cell growth; mRNA splice site selection; cystoblast division; negative regulation of cell proliferation; negative regulation of growth	nucleus; protein-containing complex; precatalytic spliceosome; catalytic step 2 spliceosome
P0CG69	Polyubiquitin; Ubi-p63E	ribosomal protein	protein tag; ubiquitin protein ligase binding; proteasome binding	autophagy; protein ubiquitination; modification-dependent protein catabolic process; larval midgut cell programmed cell death	nucleus; nucleoplasm; cytoplasm; cytosol
Q9W401	Probable citrate synthase, mitochondrial; kdn	lyase; transferase	citrate -synthase activity	carbohydrate metabolic process; tricarboxylic acid cycle	mitochondrion; mitochondrial matrix
Q9V677	Proteasome-associated protein ECM29 homolog; CG8858	kinase modulator	molecular_function; protein-containing complex scaffold activity	biological_process; proteasome assembly	proteasome complex; nucleus
Q9V5N8	Protocadherin-like wing polarity protein stan; stan	G-protein coupled receptor; cadherin; protease	G-protein coupled receptor activity; signal transducer activity, downstream of receptor; calcium ion binding; cell adhesion molecule binding	establishment of planar polarity; morphogenesis of a polarized epithelium; homophilic cell adhesion via plasma membrane adhesion molecules; G-protein coupled receptor signaling pathway; segment polarity determination; axonogenesis; axon guidance; R3/R4 cell fate commitment; ommatidial rotation; mushroom body development; calcium-dependent cell-cell adhesion via plasma membrane cell adhesion molecules; dendrite development; regulation of tube length, open tracheal system; establishment of ommatidial planar polarity; negative regulation of Notch signaling pathway; positive regulation of axon extension; R3/R4 development; dendrite morphogenesis; regulation of axonogenesis; regulation of synapse assembly; Wnt signaling pathway, planar cell polarity pathway; dendrite self-avoidance; regulation of establishment of planar polarity; positive regulation of axon guidance	plasma membrane; integral component of plasma membrane; cell-cell junction; integral component of membrane
Q7PLE9	Rab21, isoform C; Rab21		GTPase activity; protein binding; GTP binding; phosphatidylinositol 3-kinase catalytic subunit binding	intracellular protein transport; vesicle-mediated transport; regulation of endocytosis; cortical actin cytoskeleton organization; Rab protein signal transduction; positive regulation of autophagosome maturation	early endosome; endomembrane system; SNARE complex; vesicle; synapse; recycling endosome
Q9VBD2	RE49895p; TwdlD		structural constituent of chitin-based larval cuticle	body morphogenesis; chitin-based cuticle development	proteinaceous extracellular matrix
E1JHT6	Reticulon-like protein; Rtnl1			endoplasmic reticulum organization; endoplasmic reticulum tubular network membrane organization	cytoplasm; endoplasmic reticulum; smooth endoplasmic reticulum; cytosol; endomembrane system; axon; axonal growth cone; fusome
Q7K2B0	Ribosomal RNA-processing protein 8; CG7137		methylated histone binding	chromatin silencing at rDNA; cellular response to glucose starvation; regulation of transcription by glucose	chromatin silencing complex; nucleolus; rDNA heterochromatin
Q9VBD8	RT02919p; TwdlO		structural constituent of chitin-based cuticle	body morphogenesis; chitin-based cuticle development	proteinaceous extracellular matrix
Q9VBD6	RT03118p; TwdlJ		structural constituent of chitin-based cuticle	body morphogenesis; chitin-based cuticle development	extracellular region; proteinaceous extracellular matrix
Q9VMJ2	RT07854p; CG13996-RA		molecular_function	biological_process	cellular_component
Q24322	Semaphorin-1A; Sema-1a	membrane-bound signaling molecule	protein binding; heparin binding; semaphorin receptor binding; chemorepellent activity	neural crest cell migration; axon guidance; synapse assembly; synaptic target recognition; motor neuron axon guidance; axon midline choice point recognition; positive regulation of cell migration; negative regulation of cell size; dendrite morphogenesis; negative regulation of axon extension involved in axon guidance; negative chemotaxis; semaphorin-plexin signaling pathway; semaphorin-plexin signaling pathway involved in regulation of photoreceptor cell axon guidance	extracellular space; integral component of membrane
Q24323	Semaphorin-2A; Sema2a	membrane-bound signaling molecule	protein binding	axon guidance; flight behavior; visual behavior; synaptic target inhibition; adult behavior; drinking behavior; dendrite guidance; olfactory bulb axon guidance; sensory neuron axon guidance	extracellular region; cytosol; integral component of plasma membrane; endomembrane system
Q8T0S6	Serine/threonine-protein kinase hippo; hpo		protein serine/threonine kinase activity; signal transducer, downstream of receptor, with serine/threonine kinase activity; MAP kinase kinase kinase activity; protein binding; ATP binding; kinase activity; protein homodimerization activity	activation of MAPKK activity; eye development; morphogenesis of an epithelial sheet; protein phosphorylation; apoptotic process; border follicle cell migration; regulation of mitotic cell cycle; cell proliferation; negative regulation of cell proliferation; response to ionizing radiation; peptidyl-threonine phosphorylation; signal transduction by protein phosphorylation; stress-activated protein kinase signaling cascade; activation of protein kinase activity; organ growth; hippo signaling; regulation of cell proliferation; intrinsic apoptotic signaling pathway in response to DNA damage by p53 class mediator; regulation of apoptotic process; negative regulation of neuron apoptotic process; R8 cell fate specification; negative regulation of transcription, DNA-templated; negative regulation of organ growth; retinal cell programmed cell death; protein autophosphorylation; negative regulation of glial cell proliferation; regulation of protein processing; stem cell proliferation; negative regulation of canonical Wnt signaling pathway; activation of cysteine-type endopeptidase activity; negative regulation of ubiquitin-dependent protein catabolic process; regulation of apoptotic signaling pathway; positive regulation of apoptotic signaling pathway	nucleus; cytoplasm; cytosol; membrane
A0A0B4KHC3	Serine/threonine-protein kinase; PKD		protein serine/threonine kinase activity; protein kinase C activity; ATP binding	protein phosphorylation; protein kinase D signaling	cytoplasm
P48462	Serine/threonine-protein phosphatase beta isoform; flw	calcium-binding protein; protein phosphatase	protein serine/threonine phosphatase activity; myosin phosphatase activity	protein dephosphorylation; chromosome segregation; ovarian nurse cell to oocyte transport; female germline ring canal formation; oocyte nucleus migration involved in oocyte dorsal/ventral axis specification; imaginal disc-derived wing morphogenesis; mesoderm development; circadian rhythm; striated muscle tissue development; regulation of actomyosin contractile ring contraction; negative regulation of JNK cascade; positive regulation of canonical Wnt signaling pathway; beta-catenin destruction complex disassembly	protein phosphatase type 1 complex; cytosol; PTW/PP1 phosphatase complex
A1Z9J3	Short stop, isoform H; shot		actin binding; calcium ion binding; protein binding; microtubule binding; cytoskeletal protein binding	microtubule cytoskeleton organization; microtubule bundle formation; microtubule-based process; negative regulation of microtubule depolymerization; dorsal closure; axonogenesis; sensory organ development; open tracheal system development; apposition of dorsal and ventral imaginal disc-derived wing surfaces; axon midline choice point recognition; muscle attachment; determination of muscle attachment site; mushroom body development; actin cytoskeleton organization; regulation of axon extension; oocyte fate determination; branch fusion, open tracheal system; lumen formation, open tracheal system; cortical microtubule organization; positive regulation of axon extension; dendrite morphogenesis; positive regulation of filopodium assembly	astral microtubule; cytoplasm; cytoskeleton; microtubule; adherens junction; muscle tendon junction; filopodium; growth cone; microtubule plus-end; axonal growth cone; fusome
Q9VDK7	Signal recognition particle subunit SRP72; Srp72		7S RNA binding	SRP-dependent cotranslational protein targeting to membrane, translocation; dsRNA transport	signal recognition particle, endoplasmic reticulum targeting
Q9VQF9	SNAPIN protein homolog; Snapin		protein binding	intracellular protein transport; neurotransmitter secretion; synaptic vesicle exocytosis; synaptic vesicle priming; homeostatic process	synaptic vesicle; BLOC-1 complex
Q00G30	Sno oncogene, isoform B; Snoo			negative regulation of transforming growth factor beta receptor signaling pathway; neuron development; dendrite morphogenesis; negative regulation of decapentaplegic signaling pathway	nucleus; cytoplasm
M9PCZ7	SoxNeuro, isoform B; SoxN	HMG box transcription factor	transcription factor activity, RNA polymerase II distal enhancer sequence-specific binding; protein binding; chromatin DNA binding	segment polarity determination; nervous system development; axon guidance; central nervous system development; chitin-based larval cuticle pattern formation; positive regulation of transcription by RNA polymerase II; negative regulation of canonical Wnt signaling pathway	nucleus
P13395	Spectrin alpha chain; alpha-Spec		actin binding; calcium ion binding; microtubule binding; cytoskeletal protein binding	plasma membrane organization; negative regulation of microtubule depolymerization; neuromuscular synaptic transmission; germarium-derived oocyte fate determination; oocyte construction; central nervous system development; axon midline choice point recognition; ovarian follicle cell development; germarium-derived female germ-line cyst formation; long-term strengthening of neuromuscular junction; fusome organization; germ-line cyst formation; maintenance of presynaptic active zone structure; regulation of synapse organization	Golgi apparatus; plasma membrane; cell cortex; spectrin; basolateral plasma membrane; neuromuscular junction; fusome; spectrosome
Q24562	Splicing factor U2AF 50 kDa subunit; U2af50		RNA binding; mRNA binding; protein binding; poly-pyrimidine tract binding; pre-mRNA 3'-splice site binding	regulation of alternative mRNA splicing, via spliceosome; mRNA splicing, via spliceosome; RNA splicing; positive regulation of RNA export from nucleus; nuclear export	commitment complex; nucleus; nucleoplasm; spliceosomal complex; nuclear speck; U2-type prespliceosome; precatalytic spliceosome; U2AF
P92208	Stress-activated protein kinase JNK; bsk	non-receptor serine/threonine protein kinase	protein kinase activity; protein serine/threonine kinase activity; JUN kinase activity; MAP kinase activity; protein binding; ATP binding	MAPK cascade; establishment of planar polarity; protein phosphorylation; response to oxidative stress; JNK cascade; JUN phosphorylation; border follicle cell migration; dorsal closure; dorsal closure, spreading of leading edge cells; axon guidance; long-term memory; response to heat; regulation of gene expression; positive regulation of autophagy; positive regulation of gene expression; mushroom body development; antibacterial humoral response; ovarian follicle cell development; cellular response to oxidative stress; cellular response to reactive oxygen species; melanization defense response; wound healing, spreading of epidermal cells; intracellular signal transduction; wound healing; negative regulation of JUN kinase activity; engulfment of apoptotic cell; imaginal disc fusion, thorax closure; dorsal appendage formation; micropyle formation; embryonic anterior midgut  morphogenesis; neuron development; collateral sprouting of injured axon; axon extension; imaginal disc-derived male genitalia morphogenesis; neuron projection morphogenesis; cellular response to arsenic-containing substance; cellular response to cadmium ion; cellular response to organic substance; determination of digestive tract left/right asymmetry; positive regulation of border follicle cell migration; positive regulation of neuron remodeling	nucleus; nucleoplasm; cytoplasm; cytosol; axon; dendrite; neuron projection
O61307	Teneurin-m; Ten-m		protein binding; filamin binding; identical protein binding; protein homodimerization activity; protein heterodimerization activity	compound eye morphogenesis; postsynaptic membrane organization; neuromuscular synaptic transmission; synaptic target recognition; motor neuron axon guidance; synaptic target attraction; chaeta development; cytoplasmic microtubule organization; regulation of homotypic cell-cell adhesion; positive regulation of heterotypic cell-cell adhesion; positive regulation of locomotion; compound eye photoreceptor development; R7 cell development; compound eye corneal lens development; synaptic vesicle membrane organization; maintenance of presynaptic active zone structure; synapse organization; synaptic growth at neuromuscular junction; presynaptic membrane organization; regulation of terminal button organization	proteinaceous extracellular matrix; plasma membrane; integral component of plasma membrane; neuromuscular junction; neuronal cell body; postsynaptic membrane
P18289	Transcription factor AP-1; Jra	basic leucine zipper transcription factor	RNA polymerase II proximal promoter sequence-specific DNA binding; RNA polymerase II transcription factor activity, sequence-specific DNA binding; transcription coactivator activity; protein binding; transcription factor binding; protein heterodimerization activity	negative regulation of transcription by RNA polymerase II; MAPK cascade; establishment of planar polarity; JNK cascade; dorsal closure; R3/R4 cell fate commitment; negative regulation of antimicrobial humoral response; response to radiation; response to mechanical stimulus; response to organic substance; multicellular organism aging; regulation of cell death; response to lipopolysaccharide; cellular response to hormone stimulus; response to cytokine; wound healing; regulation of cell proliferation; response to drug; positive regulation of cell differentiation; positive regulation of heart contraction; positive regulation of transcription by RNA polymerase II; imaginal disc fusion, thorax closure; dorsal appendage formation; micropyle formation; synaptic growth at neuromuscular junction; response to cAMP; regulation of cell cycle	nuclear chromatin; nucleus; nucleoplasm; transcription factor complex; cytoplasm
P19538	Transcriptional activator cubitus interruptus; ci		RNA polymerase II regulatory region sequence-specific DNA binding; RNA polymerase II distal enhancer sequence-specific DNA binding; transcriptional activator activity, RNA polymerase II proximal promoter sequence-specific DNA binding; transcriptional activator activity, RNA polymerase II distal enhancer sequence-specific DNA binding; DNA binding; DNA binding transcription factor activity; protein binding; protein homodimerization activity; transcription regulatory region DNA binding	mucosal immune response; regulation of transcription, DNA-templated; smoothened signaling pathway; regulation of mitotic cell cycle; blastoderm segmentation; segment polarity determination; ovarian follicle cell development; positive regulation of epithelial cell differentiation; cuticle pattern formation; labial disc development; genital disc anterior/posterior pattern formation; spiracle morphogenesis, open tracheal system; positive regulation of transcription by RNA polymerase II; wing disc anterior/posterior pattern formation; oogenesis; eye morphogenesis; dendrite morphogenesis; heart formation; positive regulation of G1/S transition of mitotic cell cycle; positive regulation of TORC1 signaling	nucleus; nucleoplasm; cytoplasm; cytosol; membrane; protein-containing complex; Hedgehog signaling complex
Q9VJ29	Transport and Golgi organization protein 6; Tango6			Golgi organization; protein secretion	Golgi apparatus; cytosol
P06603	Tubulin alpha-1 chain; alphaTub84B	tubulin	GTPase activity; structural constituent of cytoskeleton; GTP binding	microtubule cytoskeleton organization; mitotic cell cycle; microtubule-based process; mitotic spindle assembly checkpoint; antimicrobial humoral response	astral microtubule; nucleus; cytoplasm; centrosome; spindle; microtubule; perinuclear region of cytoplasm
P06605	Tubulin alpha-3 chain; alphaTub84D	tubulin	GTPase activity; structural constituent of cytoskeleton; GTP binding; myosin binding	microtubule cytoskeleton organization; mitotic cell cycle; mitotic cytokinesis; microtubule-based process	cytoplasm; microtubule; perinuclear region of cytoplasm
Q24560	Tubulin beta-1 chain; betaTub56D	tubulin	GTPase activity; structural constituent of cytoskeleton; GTP binding	microtubule cytoskeleton organization; mitotic cell cycle; microtubule-based process; muscle attachment	cytoplasm; microtubule
P08841	Tubulin beta-3 chain; betaTub60D	tubulin	GTPase activity; structural constituent of cytoskeleton; GTP binding	microtubule cytoskeleton organization; mitotic cell cycle; microtubule-based process; axonogenesis; axon guidance; heart development; response to light stimulus; larval behavior	cytoplasm; microtubule
Q9VBE0	TweedleB; TwdlB		structural constituent of chitin-based cuticle	body morphogenesis; chitin-based cuticle development	proteinaceous extracellular matrix
Q9VRP5	Ubiquitin carboxyl-terminal hydrolase 36; scny	cysteine protease	thiol-dependent ubiquitin-specific protease activity; protein binding; thiol-dependent ubiquitinyl hydrolase activity	ubiquitin-dependent protein catabolic process; negative regulation of macroautophagy; protein deubiquitination; germ-line stem cell population maintenance; positive regulation of chromatin silencing; somatic stem cell population maintenance; histone H2B conserved C-terminal lysine deubiquitination; regulation of apoptotic process; negative regulation of innate immune response; negative regulation of defense response to bacterium; positive regulation of stem cell population maintenance	nucleus; nucleoplasm; nucleolus
Q9VFA8	Uncharacterized protein, isoform D; CG42404		molecular_function	biological_process	cellular_component
Q9VPK4	Uncharacterized protein; CG11454		single-stranded RNA binding; mRNA binding	regulation of alternative mRNA splicing, via spliceosome	nucleus
P31409	V-type proton ATPase subunit B; Vha55	ATP synthase; DNA binding protein; anion channel; hydrolase; ligand-gated ion channel	ATP binding; proton-transporting ATPase activity, rotational mechanism	vacuolar acidification; ATP hydrolysis coupled proton transport; ATP metabolic process	vacuolar proton-transporting V-type ATPase, V1 domain; early endosome; cytosol; plasma membrane; brush border; plasma membrane proton-transporting V-type ATPase complex; perinuclear region of cytoplasm
M9PBJ1	Zormin, isoform J; zormin		actin binding; protein binding		Z disc; M band
